{
  "model": "meta-llama/Llama-3.2-3B-Instruct",
  "seed": 42,
  "timestamp": "2025-12-08T06:33:10.398861",
  "config": {
    "num_shots": 8,
    "hre_bins": 25,
    "mice_lr_C": 0.5,
    "mice_rf_n_estimators": 1000,
    "mice_rf_max_depth": 20,
    "mice_rf_max_features": 10
  },
  "dataset_stats": {
    "train_size": 1500,
    "val_size": 750,
    "test_size": 750,
    "train_accuracy": 0.5566666666666666,
    "val_accuracy": 0.5226666666666666,
    "test_accuracy": 0.3413333333333333,
    "train_raw_confidence_mean": 0.5256015181085981,
    "train_raw_confidence_std": 0.34365906678968816,
    "test_raw_confidence_mean": 0.48306451915198095,
    "test_raw_confidence_std": 0.3504127258214698
  },
  "results": {
    "Raw Confidence": {
      "smece": 0.15035119499918298,
      "etcu_low_risk": 0.2816296296296296,
      "etcu_medium_risk": 0.05466666666666667,
      "etcu_high_risk": -0.23066666666666674,
      "etcu_auc": 0.03592198267982739,
      "accuracy": 0.7133333333333334,
      "precision": 0.5549597855227882,
      "recall": 0.80859375,
      "f1": 0.6581875993640699,
      "brier_score": 0.19376801224783385,
      "roc_auc": 0.8213483679149798,
      "avg_precision": 0.6714063630747413,
      "log_loss": 0.5938454714725439
    },
    "HRE": {
      "smece": 0.17947984625234942,
      "etcu_low_risk": 0.28088888888888885,
      "etcu_medium_risk": 0.050666666666666665,
      "etcu_high_risk": -0.29066666666666674,
      "etcu_auc": 0.0307668475399777,
      "accuracy": 0.7093333333333334,
      "precision": 0.5494791666666666,
      "recall": 0.82421875,
      "f1": 0.659375,
      "brier_score": 0.20112605530309702,
      "roc_auc": 0.817374905111336,
      "avg_precision": 0.669939429252931,
      "log_loss": 0.6150376189970908
    },
    "NWKR": {
      "smece": 0.17515774555964214,
      "etcu_low_risk": 0.2814814814814815,
      "etcu_medium_risk": 0.048,
      "etcu_high_risk": -0.24000000000000007,
      "etcu_auc": 0.04652305625798311,
      "accuracy": 0.7066666666666667,
      "precision": 0.5466321243523317,
      "recall": 0.82421875,
      "f1": 0.6573208722741433,
      "brier_score": 0.1997305153305342,
      "roc_auc": 0.8213483679149797,
      "avg_precision": 0.6714063630747413,
      "log_loss": 0.5988605516552843
    },
    "MICE LR": {
      "smece": 0.1780309314542622,
      "etcu_low_risk": 0.2697777777777777,
      "etcu_medium_risk": 0.04,
      "etcu_high_risk": -0.07733333333333337,
      "etcu_auc": 0.05990794529570341,
      "accuracy": 0.6986666666666667,
      "precision": 0.5378787878787878,
      "recall": 0.83203125,
      "f1": 0.6533742331288344,
      "brier_score": 0.1993346831708955,
      "roc_auc": 0.8279035931174089,
      "avg_precision": 0.6841727609384696,
      "log_loss": 0.588703051853292
    },
    "MICE RF": {
      "smece": 0.17350218273445417,
      "etcu_low_risk": 0.2734814814814815,
      "etcu_medium_risk": 0.06666666666666667,
      "etcu_high_risk": -1.8947806286936004e-17,
      "etcu_auc": 0.09027823360719801,
      "accuracy": 0.7253333333333334,
      "precision": 0.5657894736842105,
      "recall": 0.83984375,
      "f1": 0.6761006289308176,
      "brier_score": 0.18765410507509397,
      "roc_auc": 0.8407728681680162,
      "avg_precision": 0.7763016758034139,
      "log_loss": 0.5526493181536929
    }
  },
  "metric_descriptions": {
    "smece": "Smoothed Expected Calibration Error (lower is better)",
    "etcu_auc": "Error Detection AUC across all thresholds (higher is better)",
    "etcu_low_risk": "Error detection at \u03c4=0.9 (higher is better)",
    "etcu_medium_risk": "Error detection at \u03c4=0.5 (higher is better)",
    "etcu_high_risk": "Error detection at \u03c4=0.1 (higher is better)",
    "roc_auc": "ROC AUC for correctness classification (higher is better)",
    "precision": "Precision for correctness classification (higher is better)",
    "recall": "Recall for correctness classification (higher is better)",
    "f1": "F1 score for correctness classification (higher is better)",
    "accuracy": "Accuracy for correctness classification @ 0.5 (higher is better)"
  }
}